Last Name, First Name, Github Username
Maloof, Julin, jnmaloof


Aldaimalani, Reema

Benko, Stevie

Chan, Tina

Chen, Alvin

Cheng, Chris

Cui, Jiaqi

Fitzpatrick, Devon

Flisher, Marcus

Gagacheva, Jana

Garcia, Michael

Grotjahn, Karen

Ha, Raymond

Han, Diane

Hudson, Nicole

Kirkland, Jonathan

Law, King

Li, Danny

Lu, Yimei

Mak, Hiu Ling

Marathe, Ria

Mariano, Natasha Ann

Marshall, Carine

Nahal, Karenjit, kknahal

Ng, Angus

Nguyen, Amanda

Nguyen, Cameron

Nguyen, Tracy

Ordonez Aquino, Benny

Pittman, Chad

Pollard, Kenzie

Portillo, Eric

Pourcyrous, Hanna

Pramod Kumar, Krishna

Rafizadeh, Sina

Roberts, Elizabeth

Robinson, Guy

Ryan, Rebecca

Sharma, Surbhi

Sinha, Sankalp

Sridharan, Samvardhini

Sriram, Aditya

Van, Richard

Vasquez, Picasso

Waskowiak, Justin

Williams, Cole

Yang, Yiying

Zhang, Hongtao

,,
Aldaimalani, Reema, reemadai
,,
Benko, Stevie,
,,
Chan, Tina, tinamchan
,,
Chen, Alvin, yankeealvin
,,
Cheng, Chris, ccheng3
,,
Cui, Jiaqi, jiaqicuicui
,,
Fitzpatrick, Devon, dsfitzpa
,,
Flisher, Marcus,
,,
Gagacheva, Jana, JGagacheva
,,
Garcia, Michael, garciam9185
,,
Grotjahn, Karen, kegrotjahn
,,
Ha, Raymond, RaymondKHa
,,
Han, Diane, dlhan1022
,,
Hudson, Nicole, nphudson
,,
Kirkland, Jonathan,
,,
Law, King, cdg021527
,,
Li, Danny, dli7624
,,
Lu, Yimei, oblaq
,,
Mak, Hiu Ling, hiulingmak
,,
Marathe, Ria, rmarathe97
,,
Mariano, Natasha Ann, tashaann
,,
Marshall, Carine, carinegal
,,
Nahal, Karenjit,
,,
Ng, Angus, angusng624
,,
Nguyen, Amanda, amtnguyen
,,
Nguyen, Cameron, nguyencameron
,,
Nguyen, Tracy, tracyn97
,,
Ordonez, Benny, bennyordonez
,,
Pittman, Chad,
,,
Pollard, Kenzie, kenziepollard
,,
Portillo, Eric, EricSPortillo
,,
Pourcyrous, Hanna, hpour
,,
Pramod Kumar, Krishna,
,,
Rafizadeh, Sina, sinarafizadeh
,,
Roberts, Elizabeth, elro13
,,
Robinson, Guy,
,,
Ryan, Rebecca, rabednorz
,,
Sharma, Surbhi, surbhiisharma
,,
Sinha, Sankalp, sansinha2020
,,
Sridharan, Samvardhini, smsridharan
,,
Sriram, Aditya, adsriram
,,
Van, Richard, vanrichard
,,
Vasquez, Picasso, prvasquez
,,
Waskowiak, Justin, jwaskowiak
,,
Williams, Cole, williamscole
,,
Yang, Yiying, SummerYYY96
,,
Zhang, Hongtao, nasstao
,,
Luo, Yige, drosophila92

